{
  "accuracy": 0.9971924451250638,
  "precision": 0.9980803307737743,
  "recall": 0.9986702127659575,
  "f1": 0.9983751846381093,
  "auroc": 0.9997594844874758,
  "ece": 0.0024089217749373444,
  "brier": 0.00256698849688402,
  "coverage": 0.0,
  "selective_risk": 1.0,
  "threshold": 0.5
}